,Name,2015 Projection,Value Above Baseline,Group,Bye,MFL,FFC,RTS,Fantrax
0,LeVeonBell,19.0131594313,10.2685498042,1,11.0,1.0,1.0,1.0,3.0
1,DeMarcoMurray,18.7132610697,9.96865144265,1,8.0,14.0,18.0,14.0,20.0
2,MattForte,17.4274151312,8.6828055041,1,7.0,13.0,13.0,13.0,13.0
3,MarshawnLynch,15.4311973553,6.68658772826,1,9.0,7.0,8.0,6.0,12.0
4,JamaalCharles,15.013924257,6.26931462996,1,9.0,3.0,5.0,5.0,2.0
5,ArianFoster,14.5409252528,5.79631562571,1,9.0,34.0,62.0,67.0,57.0
6,LeSeanMcCoy,14.4364672944,5.69185766731,1,8.0,17.0,23.0,16.0,24.0
7,EddieLacy,14.3403864625,5.59577683545,1,7.0,4.0,3.0,3.0,5.0
8,JoiqueBell,12.3733121517,3.62870252465,1,9.0,65.0,82.0,69.0,72.0
9,GiovaniBernard,11.911546301,3.16693667395,1,7.0,54.0,69.0,63.0,59.0
10,AndreEllington,11.8086720601,3.06406243308,1,9.0,39.0,43.0,39.0,46.0
11,LamarMiller,11.4527572012,2.70814757411,1,5.0,25.0,26.0,25.0,38.0
12,JustinForsett,11.3872168544,2.6426072273,2,9.0,20.0,21.0,21.0,29.0
13,FredJackson,11.2638344717,2.5192248446,1,8.0,183.0,149.0,164.0,236.0
14,AlfredMorris,10.7895884445,2.04497881746,2,8.0,38.0,38.0,38.0,35.0
15,RashadJennings,10.5862267794,1.8416171523,2,11.0,69.0,74.0,73.0,79.0
16,MarkIngram,10.5163269609,1.77171733382,2,11.0,31.0,34.0,36.0,33.0
17,CJAnderson,10.4626429931,1.71803336607,2,7.0,12.0,11.0,10.0,16.0
18,FrankGore,10.2392739995,1.49466437246,2,10.0,26.0,29.0,30.0,32.0
19,AhmadBradshaw,10.0921656083,1.34755598127,2,,,,173.0,
20,ReggieBush,9.64383226194,0.899222634873,1,10.0,117.0,123.0,132.0,132.0
21,DarrenSproles,9.43363481559,0.689025188531,1,8.0,133.0,119.0,122.0,133.0
22,RyanMathews,9.39797484227,0.653365215206,2,8.0,96.0,83.0,95.0,127.0
23,PierreThomas,9.32347050899,0.57886088193,1,,215.0,,305.0,245.0
24,ShaneVereen,9.11499245903,0.370382831969,1,11.0,67.0,77.0,71.0,89.0
25,MattAsiata,9.03748133806,0.292871710997,2,5.0,,,211.0,403.0
26,AdrianPeterson,8.98928865934,0.244679032278,2,5.0,2.0,2.0,2.0,1.0
27,JonathanStewart,8.88595738027,0.141347753204,2,5.0,43.0,49.0,46.0,56.0
28,RoyHelu,8.74460962706,0.0,2,6.0,131.0,143.0,144.0,189.0
29,RonnieHillman,8.608545742,-0.136063885059,2,7.0,210.0,137.0,155.0,278.0
30,ChrisJohnson,8.16151728013,-0.58309234693,1,9.0,217.0,,169.0,234.0
31,BobbyRainey,7.78715406288,-0.957455564179,2,6.0,,,,316.0
32,TrentRichardson,7.73159879547,-1.01301083159,2,6.0,248.0,,313.0,231.0
33,ZacStacy,7.33558931331,-1.40902031375,2,5.0,,,250.0,341.0
34,StevanRidley,7.24997739193,-1.49463223514,2,5.0,208.0,,224.0,271.0
35,CJSpiller,7.22855182283,-1.51605780424,2,11.0,35.0,53.0,44.0,81.0
36,DeAngeloWilliams,7.03267808668,-1.71193154038,2,11.0,166.0,136.0,159.0,151.0
37,LeGarretteBlount,6.77094226932,-1.97366735775,2,4.0,66.0,71.0,78.0,93.0
38,DougMartin,6.57846441033,-2.16614521673,2,6.0,73.0,48.0,58.0,77.0
39,AntoneSmith,6.56009138933,-2.18451823773,0,10.0,,,,406.0
40,DarrenMcFadden,6.52889127984,-2.21571834723,2,6.0,116.0,110.0,104.0,122.0
41,MonteeBall,6.4988495423,-2.24576008476,2,7.0,154.0,157.0,157.0,196.0
42,BennyCunningham,6.48259593137,-2.2620136957,2,6.0,,,324.0,390.0
43,DenardRobinson,6.46102401265,-2.28358561441,0,8.0,202.0,,145.0,246.0
44,BenTate,6.18140999398,-2.56319963308,2,,,,327.0,
45,KnileDavis,6.08840213257,-2.65620749449,2,9.0,124.0,125.0,123.0,149.0
46,KhiryRobinson,6.01945590429,-2.72515372277,0,11.0,227.0,174.0,201.0,312.0
47,DexterMcCluster,5.87728313337,-2.86732649369,2,4.0,,,,392.0
48,TobyGerhart,5.78162003571,-2.96298959135,0,8.0,,,259.0,174.0
49,BryceBrown,5.74938505348,-2.99522457359,0,8.0,,,227.0,
50,DannyWoodhead,5.73587473532,-3.00873489175,2,10.0,102.0,78.0,100.0,164.0
51,JamesStarks,5.63384367646,-3.1107659506,2,7.0,225.0,167.0,189.0,285.0
52,MarcelReece,5.27892226269,-3.46568736437,2,6.0,,,,397.0
53,ChrisPolk,5.12025644844,-3.62435317862,0,9.0,192.0,,236.0,239.0
54,JacquizzRodgers,5.06232492503,-3.68228470203,2,7.0,,,278.0,283.0
55,JosephRandle,5.02503170675,-3.71957792031,0,6.0,48.0,37.0,40.0,53.0
56,BilalPowell,4.88905623133,-3.85555339574,2,5.0,,,,340.0
57,TheoRiddick,4.88595901417,-3.8586506129,0,9.0,198.0,,229.0,205.0
58,RobertTurbin,4.80516797521,-3.93944165185,0,9.0,250.0,,263.0,251.0
59,TravarisCadet,4.69029802945,-4.05431159761,0,4.0,,,,398.0
60,FozzyWhittaker,4.5855026259,-4.15910700116,0,5.0,,,,287.0
61,LanceDunbar,4.50763191566,-4.2369777114,0,6.0,201.0,,213.0,244.0
62,BruceMiller,4.22789376583,-4.51671586124,0,10.0,,,,171.0
63,MikeTolbert,4.11055822838,-4.63405139869,2,5.0,,,,391.0
64,BrandonBolden,3.68244545365,-5.06216417341,0,4.0,,,304.0,256.0
65,DarrelYoung,3.67286545166,-5.07174417541,0,8.0,,,,402.0
66,KyleJuszczyk,3.45735454766,-5.2872550794,0,9.0,,,,169.0
67,ChristineMichael,3.35986070867,-5.3847489184,0,9.0,218.0,,203.0,263.0
68,JohnKuhn,2.84573522857,-5.89887439849,0,7.0,,,,177.0
69,ErikLorig,2.71700949528,-6.02760013178,0,11.0,,,,166.0
70,TylerClutts,2.6420701337,-6.10253949337,0,6.0,,,,401.0
71,HenryHynoski,2.2273705462,-6.51723908087,0,11.0,,,,182.0
