,Name,Linear Projection,SVM Projection,Lin Value Above Baseline,SVM Value Above Baseline,Group,Bye,MFL,FFC,RTS,Fantrax,ADP Rank,Proj Rank,Diff
1,DeMarcoMurray,18.7132610697,20.47761706,9.96865144265,11.9878225135,1.0,8.0,14.0,18.0,14.0,20.0,8,1,7
0,LeVeonBell,19.0131594313,19.6377996432,10.2685498042,11.1480050967,1.0,11.0,1.0,1.0,1.0,3.0,1,2,-1
2,MattForte,17.4274151312,17.7842096679,8.6828055041,9.2944151214,1.0,7.0,13.0,13.0,13.0,13.0,7,3,4
5,ArianFoster,14.5409252528,16.7885560217,5.79631562571,8.29876147514,1.0,9.0,34.0,62.0,67.0,57.0,14,4,10
12,JustinForsett,11.3872168544,14.6243770673,2.6426072273,6.13458252074,2.0,9.0,20.0,21.0,21.0,29.0,10,5,5
3,MarshawnLynch,15.4311973553,13.9592887392,6.68658772826,5.46949419268,1.0,9.0,7.0,8.0,6.0,12.0,5,6,-1
17,CJAnderson,10.4626429931,13.750997598,1.71803336607,5.26120305152,2.0,7.0,12.0,11.0,10.0,16.0,6,7,-1
7,EddieLacy,14.3403864625,13.1283675441,5.59577683545,4.63857299758,1.0,7.0,4.0,3.0,3.0,5.0,4,8,-4
10,AndreEllington,11.8086720601,12.2636578398,3.06406243308,3.77386329324,1.0,9.0,39.0,43.0,39.0,46.0,17,9,8
8,JoiqueBell,12.3733121517,12.2298505598,3.62870252465,3.74005601324,1.0,9.0,65.0,82.0,69.0,72.0,21,10,11
11,LamarMiller,11.4527572012,12.19779676,2.70814757411,3.7080022135,1.0,5.0,25.0,26.0,25.0,38.0,11,11,0
16,MarkIngram,10.5163269609,12.1338589089,1.77171733382,3.64406436234,2.0,11.0,31.0,34.0,36.0,33.0,13,12,1
6,LeSeanMcCoy,14.4364672944,12.0329535447,5.69185766731,3.54315899814,1.0,8.0,17.0,23.0,16.0,24.0,9,13,-4
9,GiovaniBernard,11.911546301,11.7172056388,3.16693667395,3.22741109229,1.0,7.0,54.0,69.0,63.0,59.0,20,14,6
4,JamaalCharles,15.013924257,11.6401196343,6.26931462996,3.15032508779,1.0,9.0,3.0,5.0,5.0,2.0,3,15,-12
13,FredJackson,11.2638344717,11.2905494956,2.5192248446,2.80075494911,1.0,8.0,183.0,149.0,164.0,236.0,35,16,19
26,AdrianPeterson,8.98928865934,10.8656752916,0.244679032278,2.37588074511,2.0,5.0,2.0,2.0,2.0,1.0,2,17,-15
15,RashadJennings,10.5862267794,10.5901692161,1.8416171523,2.10037466958,2.0,11.0,69.0,74.0,73.0,79.0,24,18,6
19,AhmadBradshaw,10.0921656083,10.2782086323,1.34755598127,1.78841408578,2.0,,,,173.0,,49,19,30
14,AlfredMorris,10.7895884445,10.1804352764,2.04497881746,1.69064072984,2.0,8.0,38.0,38.0,38.0,35.0,16,20,-4
20,ReggieBush,9.64383226194,10.0062897102,0.899222634873,1.51649516364,1.0,10.0,117.0,123.0,132.0,132.0,29,21,8
25,MattAsiata,9.03748133806,9.8081245041,0.292871710997,1.31832995758,2.0,5.0,,,211.0,403.0,50,22,28
21,DarrenSproles,9.43363481559,9.76087539024,0.689025188531,1.27108084372,1.0,8.0,133.0,119.0,122.0,133.0,32,23,9
22,RyanMathews,9.39797484227,9.67131055238,0.653365215206,1.18151600586,2.0,8.0,96.0,83.0,95.0,127.0,26,24,2
23,PierreThomas,9.32347050899,9.65134127078,0.57886088193,1.16154672426,1.0,,215.0,,305.0,245.0,42,25,17
27,JonathanStewart,8.88595738027,9.49041223176,0.141347753204,1.00061768524,2.0,5.0,43.0,49.0,46.0,56.0,18,26,-8
28,KnowshonMoreno,8.75291103827,9.0780058044,0.00830141120358,0.588211257883,,,,,,,51,27,24
24,ShaneVereen,9.11499245903,9.02405712735,0.370382831969,0.534262580829,1.0,11.0,67.0,77.0,71.0,89.0,23,28,-5
18,FrankGore,10.2392739995,8.97763972796,1.49466437246,0.487845181445,2.0,10.0,26.0,29.0,30.0,32.0,12,29,-17
32,ChrisIvory,8.13265177068,8.48979454652,-0.611957856387,0.0,,,,,,,52,30,22
30,RonnieHillman,8.60854574201,8.21761829191,-0.136063885059,-0.27217625461,2.0,7.0,210.0,137.0,155.0,278.0,41,31,10
33,StevenJackson,8.05898126181,7.9665989789,-0.68562836525,-0.523195567616,,,,,,,53,32,21
34,BobbyRainey,7.78715406288,7.45472463454,-0.957455564179,-1.03506991198,2.0,6.0,,,,316.0,54,33,21
37,StevanRidley,7.24997739193,7.40717401763,-1.49463223514,-1.08262052889,2.0,5.0,208.0,,224.0,271.0,40,34,6
36,ZacStacy,7.33558931331,7.38281956723,-1.40902031375,-1.10697497928,2.0,5.0,,,250.0,341.0,55,35,20
29,RoyHelu,8.74460962706,7.18736045392,0.0,-1.3024340926,2.0,6.0,131.0,143.0,144.0,189.0,31,36,-5
38,CJSpiller,7.22855182283,7.14525239567,-1.51605780424,-1.34454215084,2.0,11.0,35.0,53.0,44.0,81.0,15,37,-22
31,ChrisJohnson,8.16151728013,6.90749485985,-0.583092346929,-1.58229968667,1.0,9.0,217.0,,169.0,234.0,43,38,5
35,TrentRichardson,7.73159879547,6.76193592128,-1.01301083159,-1.72785862523,2.0,6.0,248.0,,313.0,231.0,47,39,8
40,LeGarretteBlount,6.77094226932,6.73029642079,-1.97366735774,-1.75949812573,2.0,4.0,66.0,71.0,78.0,93.0,22,40,-18
47,DenardRobinson,6.46102401265,6.61118249465,-2.28358561441,-1.87861205187,0.0,8.0,202.0,,145.0,246.0,39,41,-2
39,DeAngeloWilliams,7.03267808668,6.2348777697,-1.71193154038,-2.25491677682,2.0,11.0,166.0,136.0,159.0,151.0,34,42,-8
45,MonteeBall,6.4988495423,6.21931104149,-2.24576008476,-2.27048350503,2.0,7.0,154.0,157.0,157.0,196.0,33,43,-10
44,DarrenMcFadden,6.52889127984,6.19042861056,-2.21571834723,-2.29936593596,2.0,6.0,116.0,110.0,104.0,122.0,28,44,-16
48,BenTate,6.18140999398,6.13537050894,-2.56319963308,-2.35442403758,2.0,,,,327.0,,59,45,14
42,DougMartin,6.57846441033,5.83135896053,-2.16614521673,-2.65843558599,2.0,6.0,73.0,48.0,58.0,77.0,25,46,-21
49,KnileDavis,6.08840213257,5.79765622501,-2.65620749449,-2.69213832151,2.0,9.0,124.0,125.0,123.0,149.0,30,47,-17
43,AntoneSmith,6.56009138933,5.64040408601,-2.18451823773,-2.84939046051,0.0,10.0,,,,406.0,57,48,9
52,DonaldBrown,5.84150343911,5.59576120783,-2.90310618795,-2.89403333869,,,,,,,61,49,12
46,BennyCunningham,6.48259593137,5.43441110637,-2.2620136957,-3.05538344015,2.0,6.0,,,324.0,390.0,58,50,8
50,KhiryRobinson,6.01945590429,5.3558334828,-2.72515372277,-3.13396106372,0.0,11.0,227.0,174.0,201.0,312.0,46,51,-5
55,DannyWoodhead,5.73587473532,5.35377812533,-3.00873489175,-3.13601642119,2.0,10.0,102.0,78.0,100.0,164.0,27,52,-25
56,JamesStarks,5.63384367646,5.28208915996,-3.1107659506,-3.20770538656,2.0,7.0,225.0,167.0,189.0,285.0,45,53,-8
41,DanHerron,6.61247353496,5.27056381447,-2.1321360921,-3.21923073205,,,,,,,56,54,2
53,TobyGerhart,5.78162003571,5.02351856747,-2.96298959135,-3.46627597905,0.0,8.0,,,259.0,174.0,62,55,7
54,BryceBrown,5.74938505348,4.72730658028,-2.99522457359,-3.76248796624,0.0,8.0,,,227.0,,63,56,7
68,MauriceJonesDrew,4.77127924333,4.54898237084,-3.97333038373,-3.94081217568,,,,,,,71,57,14
61,JacquizzRodgers,5.06232492503,4.21182936059,-3.68228470203,-4.27796518593,2.0,7.0,,,278.0,283.0,67,58,9
51,DexterMcCluster,5.87728313337,4.13029234877,-2.86732649369,-4.35950219775,2.0,4.0,,,,392.0,60,59,1
65,BilalPowell,4.88905623133,4.0637371018,-3.85555339574,-4.42605744472,2.0,5.0,,,,340.0,70,60,10
57,MarcelReece,5.27892226269,4.04683427946,-3.46568736437,-4.44296026706,2.0,6.0,,,,397.0,64,61,3
66,TheoRiddick,4.88595901417,4.03873378082,-3.8586506129,-4.4510607657,0.0,9.0,198.0,,229.0,205.0,37,62,-25
64,AnthonyDixon,4.89911742548,4.01239170242,-3.84549220159,-4.47740284409,,,,,,,69,63,6
77,DanielThomas,4.24862569059,3.98214055149,-4.49598393648,-4.50765399503,,,,,,,79,64,15
70,ShonnGreene,4.69649085343,3.92138327042,-4.04811877363,-4.5684112761,,,,,,,73,65,8
67,RobertTurbin,4.80516797521,3.87992740526,-3.93944165185,-4.60986714126,0.0,9.0,250.0,,263.0,251.0,48,66,-18
60,JonathanDwyer,5.10130244728,3.82317691169,-3.64330717978,-4.66661763483,,,,,,,66,67,-1
69,JordanTodman,4.72376189385,3.61390492095,-4.02084773322,-4.87588962557,,,,,,,72,68,4
80,MikeTolbert,4.11055822838,3.6103359172,-4.63405139869,-4.87945862932,2.0,5.0,,,,391.0,82,69,13
58,PeytonHillis,5.14775376021,3.52231936508,-3.59685586685,-4.96747518144,,,,,,,65,70,-5
76,BernardPierce,4.30195867163,3.43312054901,-4.44265095543,-5.05667399751,,,,,,,78,71,7
71,TravarisCadet,4.69029802945,3.36953711951,-4.05431159761,-5.12025742701,0.0,4.0,,,,398.0,74,72,2
75,ChrisOgbonnaya,4.41785263163,3.27209751771,-4.32675699544,-5.21769702881,,,,,,,77,73,4
59,ChrisPolk,5.12025644844,3.23827139034,-3.62435317862,-5.25152315618,0.0,9.0,192.0,,236.0,239.0,36,74,-38
62,JosephRandle,5.02503170675,3.20710927838,-3.71957792031,-5.28268526814,0.0,6.0,48.0,37.0,40.0,53.0,19,75,-56
81,LeonWashington,4.04517765155,3.06804565647,-4.69943197552,-5.42174889005,,,,,,,83,76,7
79,StepfanTaylor,4.22739798857,3.04379854555,-4.51721163849,-5.44599600097,,,,,,,81,77,4
72,FozzyWhittaker,4.5855026259,2.69601470769,-4.15910700116,-5.79377983882,0.0,5.0,,,,287.0,75,78,-3
73,LanceDunbar,4.50763191566,2.69235709335,-4.2369777114,-5.79743745316,0.0,6.0,201.0,,213.0,244.0,38,79,-41
74,TommyBohanon,4.435638295,2.58986802285,-4.30897133207,-5.89992652367,,,,,,,76,80,-4
83,DarrelYoung,3.67286545166,2.22806127804,-5.07174417541,-6.26173326848,0.0,8.0,,,,402.0,85,81,4
63,JonathanGrimes,4.92071292569,2.1918271073,-3.82389670137,-6.29796743922,,,,,,,68,82,-14
86,KyleJuszczyk,3.45735454766,2.06380936807,-5.2872550794,-6.42598517845,0.0,9.0,,,,169.0,88,83,5
85,BrianLeonard,3.55801373726,1.94109148438,-5.18659588981,-6.54870306214,,,,,,,87,84,3
82,BrandonBolden,3.68244545365,1.92691896961,-5.06216417341,-6.56287557691,0.0,4.0,,,304.0,256.0,84,85,-1
88,ChristineMichael,3.35986070867,1.86608548016,-5.3847489184,-6.62370906636,0.0,9.0,218.0,,203.0,263.0,44,86,-42
78,BruceMiller,4.22789376583,1.59011787358,-4.51671586124,-6.89967667294,0.0,10.0,,,,171.0,80,87,-7
84,MichaelCox,3.5653393612,1.5012863203,-5.17927026587,-6.98850822622,,,,,,,86,88,-2
92,RonnieBrown,3.09129319043,1.45001158327,-5.65331643663,-7.03978296325,,,,,,,93,89,4
89,JackieBattle,3.30109889225,1.33859542992,-5.44351073482,-7.1511991166,,,,,,,90,90,0
98,MikeJames,2.84426096092,1.22375182216,-5.90034866614,-7.26604272436,,,,,,,99,91,8
87,CyrusGray,3.3689748602,1.12906192999,-5.37563476687,-7.36073261653,,,,,,,89,92,-3
96,CedricPeerman,2.85564758939,0.98630960751,-5.88896203767,-7.50348493901,,,,,,,97,93,4
95,ShaunDraughn,2.97658075737,0.973209883468,-5.76802886969,-7.51658466305,,,,,,,96,94,2
93,JohnConner,3.06011069118,0.955075429543,-5.68449893588,-7.53471911698,,,,,,,94,95,-1
91,AlfonsoSmith,3.11678888068,0.942852765146,-5.62782074638,-7.54694178137,,,,,,,92,96,-4
97,JohnKuhn,2.84573522857,0.850958568966,-5.89887439849,-7.63883597755,0.0,7.0,,,,177.0,98,97,1
102,JedCollins,2.51409377321,0.810958087241,-6.23051585386,-7.67883645928,,,,,,,103,98,5
94,AnthonySherman,3.02751508303,0.804311992005,-5.71709454403,-7.68548255451,,,,,,,95,99,-4
99,FrankSummers,2.77454871413,0.75203224131,-5.97006091293,-7.73776230521,,,,,,,100,100,0
100,ErikLorig,2.71700949528,0.694719922489,-6.02760013178,-7.79507462403,0.0,11.0,,,,166.0,101,101,0
90,EdwinBaker,3.24123594626,0.561284896266,-5.5033736808,-7.92850965025,,,,,,,91,102,-11
101,TylerClutts,2.6420701337,0.447192047927,-6.10253949336,-8.04260249859,0.0,6.0,,,,401.0,102,103,-1
106,WillJohnson,2.15797623307,0.408636799519,-6.58663339399,-8.081157747,,,,,,,107,104,3
104,LaMichaelJames,2.24811850622,0.190791283573,-6.49649112085,-8.29900326295,,,,,,,105,105,0
105,HenryHynoski,2.2273705462,0.088516060365,-6.51723908087,-8.40127848615,0.0,11.0,,,,182.0,106,106,0
103,JeromeFelton,2.32249410213,0.0313549856651,-6.42211552494,-8.45843956085,,,,,,,104,107,-3
